timestamp,consumption_kW,temperature_C
2025-09-01 00:00:00,2.399342830602247,25.0
2025-09-01 01:00:00,2.597794459787995,25.087383385667643
2025-09-01 02:00:00,3.0583477765768317,25.174740079418665
2025-09-01 03:00:00,3.4941163080188122,25.262043397489702
2025-09-01 04:00:00,3.343050069810991,25.34926667242138
2025-09-01 05:00:00,3.469542356546665,25.436383261204117
2025-09-01 06:00:00,3.876308700946276,25.523366553416423
2025-09-01 07:00:00,3.6727666193431516,25.610189979353258
2025-09-01 08:00:00,3.3018433498940842,25.696827018141935
2025-09-01 09:00:00,3.306900003039267,25.783251205843143
2025-09-01 10:00:00,2.848126862106334,25.86943614353454
2025-09-01 11:00:00,2.547549533290875,25.955355505374513
2025-09-01 12:00:00,2.3670274263328177,26.040983046643607
2025-09-01 13:00:00,1.614061346569364,26.12629261176116
2025-09-01 14:00:00,1.3520375183117563,26.21125814227474
2025-09-01 15:00:00,1.327650357731328,26.29585368481989
2025-09-01 16:00:00,1.0410539818458708,26.38005339904777
2025-09-01 17:00:00,1.1839270313251795,26.46383156551831
2025-09-01 18:00:00,0.899349175744492,26.547162593556372
2025-09-01 19:00:00,0.8436392293610104,26.630021029068665
2025-09-01 20:00:00,1.5466776758485707,26.71238156231884
2025-09-01 21:00:00,1.4095593767205346,26.794219035658568
2025-09-01 22:00:00,1.7294924644896807,26.875508451212134
2025-09-01 23:00:00,1.7347002005199978,26.95622497851222
2025-09-02 00:00:00,2.2362196704540707,27.036343962084562
2025-09-02 01:00:00,2.6924160834349005,27.11584092897915
2025-09-02 02:00:00,2.742783190166694,27.194691596245676
2025-09-02 03:00:00,3.3079392060336974,27.272871878350944
2025-09-02 04:00:00,3.3119374381851614,27.35035789453599
2025-09-02 05:00:00,3.4989505842308435,27.427125976110617
2025-09-02 06:00:00,3.4796919007242693,27.503152673683196
2025-09-02 07:00:00,3.9279397569697934,27.57841476432346
2025-09-02 08:00:00,3.4299478399628733,27.652889258656103
2025-09-02 09:00:00,3.0225987018777554,27.72655340788308
2025-09-02 10:00:00,3.1401169832677516,27.799384710732404
2025-09-02 11:00:00,2.4306170448057065,27.8713609203313
2025-09-02 12:00:00,2.3940680201168285,27.942460051001703
2025-09-02 13:00:00,1.638300700289903,28.012660384975955
2025-09-02 14:00:00,1.4650343813156828,28.08194047903065
2025-09-02 15:00:00,1.5135095270316252,28.150279171036622
2025-09-02 16:00:00,1.4259195683548924,28.2176555864231
2025-09-02 17:00:00,1.1906693223848832,28.28404914455398
2025-09-02 18:00:00,1.093917601659412,28.34943956501435
2025-09-02 19:00:00,1.1027333917866247,28.413806873805296
2025-09-02 20:00:00,0.9953671505358952,28.477131409445107
2025-09-02 21:00:00,1.348775808066137,28.539393828975022
2025-09-02 22:00:00,1.662171150474335,28.600575113867688
2025-09-02 23:00:00,2.2693974787061486,28.66065657583651
2025-09-03 00:00:00,2.4518543937313386,28.719619862544125
2025-09-03 01:00:00,2.3550605319232862,28.77744696320828
2025-09-03 02:00:00,3.0743406745933712,28.83412021410334
2025-09-03 03:00:00,3.191163587272533,28.889622303955818
2025-09-03 04:00:00,3.330681690469164,28.943936279232233
2025-09-03 05:00:00,3.71209073120864,28.9970455493177
2025-09-03 06:00:00,3.8370819343001985,29.048933891583644
2025-09-03 07:00:00,3.7729667406105794,29.099585456343146
2025-09-03 08:00:00,3.292480660850365,29.14898477169233
2025-09-03 09:00:00,3.198569855567947,29.197116748236382
2025-09-03 10:00:00,3.066932274783751,29.243966683698723
2025-09-03 11:00:00,2.8940187580081664,29.289520267411923
2025-09-03 12:00:00,2.2799178137238103,29.333763584689017
2025-09-03 13:00:00,2.016183736995399,29.376683121073825
2025-09-03 14:00:00,1.532387508743124,29.418265766469077
2025-09-03 15:00:00,1.2580286346335763,29.45849881914096
2025-09-03 16:00:00,1.4642130495201373,29.49736998959899
2025-09-03 17:00:00,1.4516108121082336,29.534867404349903
2025-09-03 18:00:00,1.1271619410306755,29.57097960952452
2025-09-03 19:00:00,1.3887136515056502,29.605695574376416
2025-09-03 20:00:00,1.388897606211915,29.63900469465133
2025-09-03 21:00:00,1.389503828631679,29.670896795826334
2025-09-03 22:00:00,1.85242304902997,29.701362136217714
2025-09-03 23:00:00,2.3912188570669577,29.730391409956635
2025-09-04 00:00:00,2.4011009808801003,29.757975749831683
2025-09-04 01:00:00,3.0449248274176033,29.784106729997443
2025-09-04 02:00:00,2.5088016954078585,29.808776368548223
2025-09-04 03:00:00,3.4544255771319468,29.831977129956176
2025-09-04 04:00:00,3.5037667408954865,29.853701927373113
2025-09-04 05:00:00,3.5485226569361594,29.87394412479521
2025-09-04 06:00:00,3.6660044647865138,29.89269753909004
2025-09-04 07:00:00,3.2041708598758083,29.909956441885246
2025-09-04 08:00:00,3.429646702791826,29.925715561318327
2025-09-04 09:00:00,3.3435256547423777,29.939970083646955
2025-09-04 10:00:00,3.3065949361521247,29.952715654719388
2025-09-04 11:00:00,2.6044959341276512,29.96394838130446
2025-09-04 12:00:00,2.2224840892837414,29.973664832280804
2025-09-04 13:00:00,1.9608787536731849,29.981862039684923
2025-09-04 14:00:00,1.9444166014849025,29.988537499617763
2025-09-04 15:00:00,1.570719886684094,29.993689173009557
2025-09-04 16:00:00,1.2036756021038784,29.997315486242666
2025-09-04 17:00:00,1.2912951320298152,29.999415331632267
2025-09-04 18:00:00,1.1696837226006351,29.99998806776469
2025-09-04 19:00:00,1.390854625783899,29.999033519693352
2025-09-04 20:00:00,1.1856046995961722,29.99655197899218
2025-09-04 21:00:00,1.4626076814833373,29.99254420366657
2025-09-04 22:00:00,1.7112828082784057,29.987011417921828
2025-09-04 23:00:00,1.8001525716063544,29.979955311789247
2025-09-05 00:00:00,2.476125624166978,29.971378040609856
2025-09-05 01:00:00,2.7919341393022203,29.961282224376067
2025-09-05 02:00:00,3.0403050361327293,29.949670946931363
2025-09-05 03:00:00,3.248209271899099,29.936547755028343
2025-09-05 04:00:00,3.2067098142200594,29.921916657245305
2025-09-05 05:00:00,3.5258253600984872,29.905782122761828
2025-09-05 06:00:00,3.578875276193736,29.888149079993596
2025-09-05 07:00:00,3.439140442329165,29.869022915087
2025-09-05 08:00:00,3.4374676179639283,29.848409470273893
2025-09-05 09:00:00,3.3474477624907104,29.826315042087035
2025-09-05 10:00:00,3.381397385430206,29.802746379436755
2025-09-05 11:00:00,2.7350837057794912,29.777710681549475
2025-09-05 12:00:00,2.426877194565391,29.751215595768628
2025-09-05 13:00:00,2.0369911934792,29.723269215218718
2025-09-05 14:00:00,1.367985143561281,29.693880076333237
2025-09-05 15:00:00,1.490077988558175,29.66305715624712
2025-09-05 16:00:00,1.3122980824422124,29.630809870054634
2025-09-05 17:00:00,1.672269785805188,29.597148067933446
2025-09-05 18:00:00,1.103200139706371,29.562082032135823
2025-09-05 19:00:00,1.2492552063087374,29.52562247384784
2025-09-05 20:00:00,1.31122391634401,29.487780529917565
2025-09-05 21:00:00,1.2867304273145885,29.448567759453223
2025-09-05 22:00:00,2.0105541703056478,29.407996140292383
2025-09-05 23:00:00,2.2352259632928817,29.36607806534323
2025-09-06 00:00:00,2.5665029239453907,29.322826338799068
2025-09-06 01:00:00,2.548357332913955,29.278254172227175
2025-09-06 02:00:00,3.3091887696598454,29.232375180533225
2025-09-06 03:00:00,3.0026918533717093,29.185203377802523
2025-09-06 04:00:00,3.5934807120282852,29.13675317301929
2025-09-06 05:00:00,4.032627012045746,29.08703936566533
2025-09-06 06:00:00,3.4320881583045977,29.036077141199417
2025-09-06 07:00:00,3.467326971799138,28.98388206641879
2025-09-06 08:00:00,3.4689537264689805,28.930470084704137
2025-09-06 09:00:00,3.1437149135241738,28.875857511149587
2025-09-06 10:00:00,2.670499474144906,28.820061027579133
2025-09-06 11:00:00,2.6893229591187895,28.763097677451047
2025-09-06 12:00:00,2.1376165514004324,28.70498486065182
2025-09-06 13:00:00,2.1208816938434687,28.64574032818124
2025-09-06 14:00:00,1.5420013391615068,28.585382176730217
2025-09-06 15:00:00,1.7796368859114762,28.523928843153
2025-09-06 16:00:00,1.1182014947258123,28.46139909883552
2025-09-06 17:00:00,1.090284659921934,28.397812043961512
2025-09-06 18:00:00,1.2799982682065427,28.333187101678217
2025-09-06 19:00:00,0.9189360722565083,28.267544012163448
2025-09-06 20:00:00,1.340279315790774,28.2009028265958
2025-09-06 21:00:00,1.7588201864857371,28.133283901029863
2025-09-06 22:00:00,1.4375103230562265,28.064707890178294
2025-09-06 23:00:00,2.098618098037263,27.99519574110272
2025-09-07 00:00:00,2.43667627233496,27.92476868681526
2025-09-07 01:00:00,2.8622640823338434,27.85344823979276
2025-09-07 02:00:00,2.755890322320804,27.78125618540563
2025-09-07 03:00:00,2.992365041032736,27.708214575263362
2025-09-07 04:00:00,3.5524441622853775,27.634345720478677
2025-09-07 05:00:00,3.6243045019694913,27.559672184852438
2025-09-07 06:00:00,3.649037325995459,27.484216777981356
2025-09-07 07:00:00,3.6170156221588723,27.408002548290636
2025-09-07 08:00:00,3.278655501822756,27.331052775993655
2025-09-07 09:00:00,3.255167354809551,27.253390965980852
2025-09-07 10:00:00,3.002454408070621,27.17504084063997
2025-09-07 11:00:00,2.495125022022487,27.09602633260988
2025-09-07 12:00:00,2.68509655762936,27.016371577470185
2025-09-07 13:00:00,2.0825820685656464,26.9361009063688
2025-09-07 14:00:00,1.4493600586950692,26.855238838589838
2025-09-07 15:00:00,1.5630384522067324,26.773810074064006
2025-09-07 16:00:00,1.0425469269167817,26.691839485823824
2025-09-07 17:00:00,1.2754443343809467,26.609352112405958
2025-09-07 18:00:00,1.313116186915766,26.526373150203028
2025-09-07 19:00:00,0.9658412521664185,26.44292794576716
2025-09-07 20:00:00,1.4530160022385317,26.359041988067712
2025-09-07 21:00:00,1.5460338172493486,26.274740900705456
2025-09-07 22:00:00,1.889826337393,26.19005043408566
2025-09-07 23:00:00,2.4075235028062303,26.104996457552428
2025-09-08 00:00:00,2.3018811464496123,26.019604951486734
2025-09-08 01:00:00,2.5209103380138957,25.933901999370498
2025-09-08 02:00:00,2.790362845828979,25.84791377981918
2025-09-08 03:00:00,3.0572690148997688,25.761666558585357
2025-09-08 04:00:00,3.3954129837195297,25.67518668053562
2025-09-08 05:00:00,3.5945961903757477,25.588500561603343
2025-09-08 06:00:00,3.614367687718606,25.501634680719743
2025-09-08 07:00:00,3.6719156603758063,25.414615571725687
2025-09-08 08:00:00,3.374782543499219,25.32746981526673
2025-09-08 09:00:00,3.455890539869239,25.240224030673847
2025-09-08 10:00:00,2.846556775886945,25.15290486783237
2025-09-08 11:00:00,3.1371379743414063,25.065538999041564
2025-09-08 12:00:00,2.3919495502436767,24.978153110867392
2025-09-08 13:00:00,1.7713344715690744,24.89077389599088
2025-09-08 14:00:00,1.4287644427483086,24.80342804505465
2025-09-08 15:00:00,1.4841774741838227,24.716142238510045
2025-09-08 16:00:00,1.1495891998740926,24.628943138467413
2025-09-08 17:00:00,1.2186146644364733,24.541857380551928
2025-09-08 18:00:00,1.134892006268284,24.45491156576756
2025-09-08 19:00:00,1.0753133518035918,24.36813225237159
2025-09-08 20:00:00,1.0518546453340005,24.281545947762194
2025-09-08 21:00:00,1.12219913672515,24.19517910038154
2025-09-08 22:00:00,1.5984090117947658,24.109058091636935
2025-09-08 23:00:00,2.162094109057201,24.023209227842415
2025-09-09 00:00:00,2.3564985907118423,23.937658732183273
2025-09-09 01:00:00,2.385017285725479,23.852432736706007
2025-09-09 02:00:00,2.9649258017301983,23.767557274336063
2025-09-09 03:00:00,3.258799423575023,23.68305827092591
2025-09-09 04:00:00,3.194463795304716,23.598961537335768
2025-09-09 05:00:00,3.516490890325422,23.515292761549507
2025-09-09 06:00:00,3.528984435497944,23.432077500828036
2025-09-09 07:00:00,3.235164055150601,23.34934117390266
2025-09-09 08:00:00,3.40009402327413,23.267109053210717
2025-09-09 09:00:00,3.232949517523422,23.185406257175963
2025-09-09 10:00:00,3.0711994875497695,23.104257742535903
2025-09-09 11:00:00,2.758738660105294,23.02368829671861
2025-09-09 12:00:00,1.946234890860747,22.94372253027119
2025-09-09 13:00:00,1.7105425229671956,22.864384869342327
2025-09-09 14:00:00,1.7019750652605934,22.78569954822111
2025-09-09 15:00:00,1.4474085031678292,22.70769060193451
2025-09-09 16:00:00,1.2554107628510254,22.630381858905665
2025-09-09 17:00:00,1.805774164856497,22.553796933675347
2025-09-09 18:00:00,1.1151982738894528,22.477959219688685
2025-09-09 19:00:00,1.2791209113690203,22.40289188214949
2025-09-09 20:00:00,1.3754093971491117,22.32861785094425
2025-09-09 21:00:00,1.5199537109159178,22.255159813638034
2025-09-09 22:00:00,1.5900620992302954,22.182540208544392
2025-09-09 23:00:00,2.108652118256562,22.110781217871402
2025-09-10 00:00:00,2.125517048970584,22.03990476094597
2025-09-10 01:00:00,2.553275723177695,21.96993248751837
2025-09-10 02:00:00,2.799493114106552,21.900885771149195
2025-09-10 03:00:00,3.1639535188362498,21.83278570268062
2025-09-10 04:00:00,3.7993929420670347,21.765653083794064
2025-09-10 05:00:00,3.0767838782251795,21.699508420656134
2025-09-10 06:00:00,3.618306842037388,21.63437191765488
2025-09-10 07:00:00,3.10418190888288,21.570263471228213
2025-09-10 08:00:00,3.1964820609126727,21.507202663786376
2025-09-10 09:00:00,3.3004590720585845,21.445208757730352
2025-09-10 10:00:00,2.829103530676222,21.384300689568025
2025-09-10 11:00:00,2.294149460359934,21.324497064129865
2025-09-10 12:00:00,2.0407940239531563,21.265816148885968
2025-09-10 13:00:00,1.9967868347449858,21.208275868366083
2025-09-10 14:00:00,1.4166197256509865,21.151893798684466
2025-09-10 15:00:00,1.3528892725119923,21.096687162171094
2025-09-10 16:00:00,1.1278865241998703,21.042672822110983
2025-09-10 17:00:00,0.8728412405893684,20.98986727759319
2025-09-10 18:00:00,1.3993683470659926,20.938286658471
2025-09-10 19:00:00,1.1499621555337287,20.887946720434975
2025-09-10 20:00:00,0.7522711409998405,20.838862840200253
2025-09-10 21:00:00,1.4010162186378559,20.791050010809595
2025-09-10 22:00:00,1.4959490708894807,20.744522837053676
2025-09-10 23:00:00,2.1034146793991,20.69929553100991
2025-09-11 00:00:00,2.0982418165878967,20.65538190770129
2025-09-11 01:00:00,2.5546610593829246,20.612795380876467
2025-09-11 02:00:00,2.9745645270074683,20.571548958912427
2025-09-11 03:00:00,3.2975262509510883,20.531655240840983
2025-09-11 04:00:00,3.0728090401121704,20.493126412500306
2025-09-11 05:00:00,3.3592351635366966,20.455974242812662
2025-09-11 06:00:00,3.3614106705505233,20.420210080189513
2025-09-11 07:00:00,3.270883427816683,20.38584484906506
2025-09-11 08:00:00,3.618371618392265,20.352889046559277
2025-09-11 09:00:00,3.1378437655271147,20.321352739271514
2025-09-11 10:00:00,2.5382507535980907,20.291245560205553
2025-09-11 11:00:00,2.667729585336307,20.262576705827136
2025-09-11 12:00:00,2.583324076122815,20.235354933254847
2025-09-11 13:00:00,2.0432814447561123,20.20958855758519
2025-09-11 14:00:00,1.2359098375833926,20.185285449352648
2025-09-11 15:00:00,1.1912615400477988,20.162453032125597
2025-09-11 16:00:00,1.3522825668850365,20.141098280238722
2025-09-11 17:00:00,0.8435042489098816,20.12122771666263
2025-09-11 18:00:00,1.0430254829685486,20.102847411011382
2025-09-11 19:00:00,1.1635708602243187,20.08596297768847
2025-09-11 20:00:00,0.9590649196238971,20.070579574171866
2025-09-11 21:00:00,1.3404899852304752,20.05670189943862
2025-09-11 22:00:00,0.9700160438526466,20.044334192529533
2025-09-11 23:00:00,1.7190402697201044,20.033480231254295
2025-09-12 00:00:00,2.1979585594458757,20.024143331037543
2025-09-12 01:00:00,2.3202208990799544,20.016326343906123
2025-09-12 02:00:00,3.1923850423637186,20.010031657617926
2025-09-12 03:00:00,2.830608906416585,20.00526119493253
2025-09-12 04:00:00,3.216860219510706,20.002016413023874
2025-09-12 05:00:00,3.443901569239034,20.00029830303515
2025-09-12 06:00:00,3.7358424725049906,20.00010738977607
2025-09-12 07:00:00,3.1051655401850127,20.001443731562517
2025-09-12 08:00:00,3.488409275826197,20.004306920198793
2025-09-12 09:00:00,3.0492720494478096,20.008696081102244
2025-09-12 10:00:00,2.5846182142346974,20.014609873570457
2025-09-12 11:00:00,2.5674579984652093,20.02204649119075
2025-09-12 12:00:00,2.1902685442905607,20.03100366239198
2025-09-12 13:00:00,1.7092909063577184,20.041478651138398
2025-09-12 14:00:00,1.5475529134717847,20.053468257765402
2025-09-12 15:00:00,1.206360820021915,20.06696881995689
2025-09-12 16:00:00,1.118615737275619,20.081976213863946
2025-09-12 17:00:00,1.1162967067918639,20.098485855364494
2025-09-12 18:00:00,1.2721667340302611,20.11649270146357
2025-09-12 19:00:00,0.7636226759718702,20.135991251833723
2025-09-12 20:00:00,1.5753337439444641,20.156975550495147
2025-09-12 21:00:00,0.9678132208546233,20.17943918763497
2025-09-12 22:00:00,1.5950760908157284,20.20337530156518
2025-09-12 23:00:00,2.049799568502081,20.228776580818593
2025-09-13 00:00:00,2.313647734216293,20.255635266382182
2025-09-13 01:00:00,2.454675146509973,20.283943154067124
2025-09-13 02:00:00,2.833895386969009,20.313691597014845
2025-09-13 03:00:00,3.0275895595204894,20.344871508338258
2025-09-13 04:00:00,3.1962935296798873,20.37747336389743
2025-09-13 05:00:00,3.5965915415898775,20.41148720520879
2025-09-13 06:00:00,3.5274789541037355,20.44690264248704
2025-09-13 07:00:00,3.261842343445757,20.48370885781877
2025-09-13 08:00:00,3.4434846342142604,20.5218946084669
2025-09-13 09:00:00,3.116347344774317,20.56144823030484
2025-09-13 10:00:00,2.951256734342398,20.602357641379392
2025-09-13 11:00:00,2.609098914982173,20.644610345601265
2025-09-13 12:00:00,1.9934560231235812,20.688193436562116
2025-09-13 13:00:00,1.7270520058808527,20.733093601476902
2025-09-13 14:00:00,1.6940351396242574,20.779297125250363
2025-09-13 15:00:00,1.4179484813072203,20.826789894666422
2025-09-13 16:00:00,1.1058327844417757,20.87555740269915
2025-09-13 17:00:00,1.0232029919476981,20.92558475294406
2025-09-13 18:00:00,1.2281704786802492,20.976856664168338
2025-09-13 19:00:00,0.9123156528494294,21.029357474978575
2025-09-13 20:00:00,1.2792475127846061,21.0830711486047
2025-09-13 21:00:00,1.3403681280027602,21.1379812777985
2025-09-13 22:00:00,1.605709111432512,21.194071089845366
2025-09-13 23:00:00,2.1766608186113405,21.25132345168762
2025-09-14 00:00:00,2.4479576781470964,21.309720875157957
2025-09-14 01:00:00,2.7676945021310035,21.369245522321325
2025-09-14 02:00:00,3.1624607370782507,21.429879210923662
2025-09-14 03:00:00,3.15605580775491,21.491603419945807
2025-09-14 04:00:00,3.4758489124816614,21.55439929526088
2025-09-14 05:00:00,3.389409145729438,21.618247655393418
2025-09-14 06:00:00,3.545147827319829,21.683128997378503
2025-09-14 07:00:00,3.398107324241719,21.749023502719094
2025-09-14 08:00:00,3.3062497389463483,21.815911043439737
2025-09-14 09:00:00,3.196948337627068,21.883771188234796
2025-09-14 10:00:00,2.6480386978556347,21.952583208709356
2025-09-14 11:00:00,2.9248836659019832,22.022326085710883
2025-09-14 12:00:00,1.981806037854719,22.09297851574966
2025-09-14 13:00:00,1.620814488106701,22.164518917506122
2025-09-14 14:00:00,1.8018411093581994,22.236925438423
2025-09-14 15:00:00,1.4811589636598725,22.310175961380384
2025-09-14 16:00:00,1.2632750660077898,22.384248111451562
2025-09-14 17:00:00,1.15544002269767,22.45911926273758
2025-09-14 18:00:00,1.0018511382057418,22.534766545278533
2025-09-14 19:00:00,0.884427623561687,22.611166852039336
2025-09-14 20:00:00,1.2197032407880033,22.688296845967958
2025-09-14 21:00:00,1.2813661832470782,22.766132967123905
2025-09-14 22:00:00,1.8812944776298226,22.844651439874774
2025-09-14 23:00:00,1.9652681036616624,22.9238282801587
2025-09-15 00:00:00,2.1559923446330345,23.00363930281047
2025-09-15 01:00:00,2.579069163196483,23.08406012894907
2025-09-15 02:00:00,3.0221536532212063,23.165066193424398
2025-09-15 03:00:00,3.076911458298756,23.24663275232086
2025-09-15 04:00:00,3.2122192289729967,23.328734890515612
2025-09-15 05:00:00,3.5366803280729036,23.411347529289046
2025-09-15 06:00:00,3.5650104453390568,23.494445433985305
2025-09-15 07:00:00,3.357696786082447,23.578003221720365
2025-09-15 08:00:00,3.2269395057392534,23.661995369135454
2025-09-15 09:00:00,3.1581387867831348,23.74639622019335
2025-09-15 10:00:00,2.555616822217718,23.831179994015205
2025-09-15 11:00:00,2.258466612860249,23.916320792755524
2025-09-15 12:00:00,2.0731602331769317,24.001792609512833
2025-09-15 13:00:00,1.8553734468098062,24.087569336273702
2025-09-15 14:00:00,1.667647257309191,24.17362477188765
2025-09-15 15:00:00,1.6542070923125065,24.259932630070438
2025-09-15 16:00:00,1.3475266876572496,24.346466547433476
2025-09-15 17:00:00,1.0366653453742003,24.43320009153666
2025-09-15 18:00:00,1.0407467589125496,24.52010676896239
2025-09-15 19:00:00,0.9049402944135434,24.6071600334082
2025-09-15 20:00:00,1.2436007333369608,24.69433329379548
2025-09-15 21:00:00,1.4028285056448386,24.78159992239199
2025-09-15 22:00:00,1.79532839022143,24.86893326294543
2025-09-15 23:00:00,1.874212314982507,24.956306638825833
2025-09-16 00:00:00,2.4700965153283687,25.04369336117416
2025-09-16 01:00:00,2.9948773882735904,25.131066737054564
2025-09-16 02:00:00,2.962357650989854,25.218400077608003
2025-09-16 03:00:00,3.313850016935933,25.305666706204512
2025-09-16 04:00:00,3.557657314122643,25.392839966591797
2025-09-16 05:00:00,3.449650274846546,25.479893231037604
2025-09-16 06:00:00,3.601721075278397,25.566799908463334
2025-09-16 07:00:00,3.5014490340179845,25.653533452566517
2025-09-16 08:00:00,3.3795883377355866,25.740067369929548
2025-09-16 09:00:00,2.9952623849292297,25.826375228112344
2025-09-16 10:00:00,2.8877248738727257,25.91243066372629
2025-09-16 11:00:00,2.6768648646485653,25.998207390487163
2025-09-16 12:00:00,2.544383637650335,26.08367920724447
2025-09-16 13:00:00,2.127506190872965,26.168820005984784
2025-09-16 14:00:00,2.074237778080617,26.253603779806642
2025-09-16 15:00:00,1.2445722875078924,26.33800463086454
2025-09-16 16:00:00,1.3903040230659365,26.421996778279627
2025-09-16 17:00:00,1.146206900313556,26.505554566014688
2025-09-16 18:00:00,1.5244620705858147,26.588652470710944
2025-09-16 19:00:00,0.9867517179642131,26.671265109484384
2025-09-16 20:00:00,1.1232102957558738,26.753367247679137
2025-09-16 21:00:00,1.3852240226552004,26.834933806575595
2025-09-16 22:00:00,1.3509888074378438,26.915939871050924
2025-09-16 23:00:00,1.9796429278454237,26.996360697189523
2025-09-17 00:00:00,2.2593796039002756,27.076171719841295
2025-09-17 01:00:00,2.7629225101758563,27.155348560125223
2025-09-17 02:00:00,3.0962225837160178,27.233867032876088
2025-09-17 03:00:00,3.6515028717454987,27.31170315403204
2025-09-17 04:00:00,3.6512809528998855,27.388833147960657
2025-09-17 05:00:00,3.4547631458091956,27.46523345472146
2025-09-17 06:00:00,3.416101775168714,27.540880737262412
2025-09-17 07:00:00,3.6348580485824162,27.61575188854843
2025-09-17 08:00:00,3.132315900677007,27.68982403861961
2025-09-17 09:00:00,3.5514029044025928,27.763074561576996
2025-09-17 10:00:00,3.1531215296531165,27.835481082493875
2025-09-17 11:00:00,2.517269639251294,27.907021484250333
2025-09-17 12:00:00,1.945081167243828,27.97767391428911
2025-09-17 13:00:00,2.239977356503866,28.04741679129064
2025-09-17 14:00:00,1.654505184299699,28.1162288117652
2025-09-17 15:00:00,1.6799016833953047,28.18408895656026
2025-09-17 16:00:00,0.9319038500043451,28.250976497280902
2025-09-17 17:00:00,1.0253660688703035,28.31687100262149
2025-09-17 18:00:00,1.1240306126123083,28.38175234460658
2025-09-17 19:00:00,1.1950124836518088,28.445600704739114
2025-09-17 20:00:00,1.238942899327377,28.50839658005419
2025-09-17 21:00:00,1.6678749249322011,28.57012078907633
2025-09-17 22:00:00,1.6005976230194918,28.63075447767867
2025-09-17 23:00:00,2.0945354108193563,28.69027912484204
2025-09-18 00:00:00,2.473039394301583,28.748676548312375
2025-09-18 01:00:00,2.8727566985606874,28.80592891015463
2025-09-18 02:00:00,3.2061862312383305,28.862018722201494
2025-09-18 03:00:00,3.0860545781334072,28.916928851395298
2025-09-18 04:00:00,3.1876219183578063,28.97064252502142
2025-09-18 05:00:00,3.857342234573938,29.02314333583166
2025-09-18 06:00:00,3.692280917393174,29.07441524705593
2025-09-18 07:00:00,3.4152149063325554,29.124442597300845
2025-09-18 08:00:00,3.7335449338323983,29.173210105333574
2025-09-18 09:00:00,3.23388859414888,29.220702874749634
2025-09-18 10:00:00,3.1776569390656313,29.266906398523094
2025-09-18 11:00:00,2.648362954800914,29.31180656343788
2025-09-18 12:00:00,2.7230907222058343,29.35538965439873
2025-09-18 13:00:00,2.3432695740871474,29.397642358620605
2025-09-18 14:00:00,1.650649815595104,29.438551769695156
2025-09-18 15:00:00,1.6499384980116811,29.478105391533095
2025-09-18 16:00:00,1.4035762442976132,29.516291142181228
2025-09-18 17:00:00,1.4432060848789416,29.55309735751296
2025-09-18 18:00:00,0.9547885554151069,29.588512794791207
2025-09-18 19:00:00,1.3481184940524844,29.62252663610257
2025-09-18 20:00:00,1.5663061839692412,29.65512849166174
2025-09-18 21:00:00,1.2174021797849994,29.686308402985155
2025-09-18 22:00:00,1.603247530819647,29.716056845932876
2025-09-18 23:00:00,1.740589919951806,29.744364733617818
2025-09-19 00:00:00,2.4198682220790277,29.771223419181403
2025-09-19 01:00:00,2.937189625163234,29.79662469843482
2025-09-19 02:00:00,3.3869105437701683,29.82056081236503
2025-09-19 03:00:00,3.346902920122328,29.843024449504853
2025-09-19 04:00:00,3.8396120164985477,29.864008748166277
2025-09-19 05:00:00,3.343460707272632,29.88350729853643
2025-09-19 06:00:00,3.301008570524514,29.901514144635506
2025-09-19 07:00:00,3.5679035088737807,29.918023786136054
2025-09-19 08:00:00,3.512578517342011,29.93303118004311
2025-09-19 09:00:00,3.2151986397973076,29.946531742234594
2025-09-19 10:00:00,2.53806301437566,29.9585213488616
2025-09-19 11:00:00,2.6258336707484697,29.96899633760802
2025-09-19 12:00:00,2.058183080113369,29.97795350880925
2025-09-19 13:00:00,2.1339002814948262,29.985390126429543
2025-09-19 14:00:00,1.781424297865385,29.991303918897756
2025-09-19 15:00:00,1.2754364842877444,29.995693079801207
2025-09-19 16:00:00,1.1798139629902344,29.998556268437483
2025-09-19 17:00:00,0.9661251112136412,29.99989261022393
2025-09-19 18:00:00,1.1441550964803517,29.99970169696485
2025-09-19 19:00:00,1.4112340303716735,29.997983586976126
2025-09-19 20:00:00,1.1670286417757594,29.99473880506747
2025-09-19 21:00:00,1.679576435636264,29.989968342382078
2025-09-19 22:00:00,1.7432852246794743,29.983673656093877
2025-09-19 23:00:00,1.9988389599961287,29.975856668962457
2025-09-20 00:00:00,2.4605618461952385,29.966519768745705
2025-09-20 01:00:00,2.5937963074765573,29.955665807470467
2025-09-20 02:00:00,2.9815449965978154,29.94329810056138
2025-09-20 03:00:00,3.096784440594296,29.929420425828134
2025-09-20 04:00:00,3.909375660166353,29.91403702231153
2025-09-20 05:00:00,3.6272354827718445,29.897152588988618
2025-09-20 06:00:00,3.500572386651043,29.87877228333737
2025-09-20 07:00:00,3.618820961977607,29.85890171976128
2025-09-20 08:00:00,3.408615002389206,29.837546967874403
2025-09-20 09:00:00,3.1713523352090736,29.814714550647356
2025-09-20 10:00:00,3.066930663535909,29.790411442414815
2025-09-20 11:00:00,2.7867229891160603,29.764645066745153
2025-09-20 12:00:00,2.2038568583794373,29.737423294172867
2025-09-20 13:00:00,1.8752945235790768,29.708754439794454
2025-09-20 14:00:00,1.6434723231246615,29.678647260728486
2025-09-20 15:00:00,0.9935239636652535,29.647110953440723
2025-09-20 16:00:00,0.9703378301073355,29.61415515093495
2025-09-20 17:00:00,1.442530750989389,29.579789919810494
2025-09-20 18:00:00,1.4773025017121706,29.54402575718734
2025-09-20 19:00:00,1.1623991536869258,29.506873587499697
2025-09-20 20:00:00,1.471747213545671,29.46834475915902
2025-09-20 21:00:00,1.6333528738074197,29.428451041087577
2025-09-20 22:00:00,2.4572820978416368,29.387204619123537
2025-09-20 23:00:00,2.3730547341855845,29.344618092298713
2025-09-21 00:00:00,2.447374185437101,29.300704468990094
2025-09-21 01:00:00,2.5996998318636466,29.255477162946327
2025-09-21 02:00:00,2.759655294374604,29.20894998919041
2025-09-21 03:00:00,3.3642041018936664,29.161137159799754
2025-09-21 04:00:00,3.350626182994539,29.11205327956503
2025-09-21 05:00:00,3.3194140985963387,29.061713341529007
2025-09-21 06:00:00,3.4930797433241616,29.010132722406816
2025-09-21 07:00:00,3.339843559936486,28.957327177889017
2025-09-21 08:00:00,3.747019739367332,28.903312837828913
2025-09-21 09:00:00,3.368964985285384,28.848106201315538
2025-09-21 10:00:00,2.9184239029517385,28.791724131633924
2025-09-21 11:00:00,2.9062483457997392,28.734183851114036
2025-09-21 12:00:00,2.299889529410619,28.67550293587014
2025-09-21 13:00:00,1.7923813490503335,28.61569931043198
2025-09-21 14:00:00,1.9772859486787282,28.55479124226965
2025-09-21 15:00:00,1.5361025416147926,28.492797336213627
2025-09-21 16:00:00,1.0407510028923688,28.42973652877179
2025-09-21 17:00:00,1.1064330907039917,28.365628082345122
2025-09-21 18:00:00,0.9490838022963194,28.30049157934387
2025-09-21 19:00:00,0.9120535081963288,28.234346916205944
2025-09-21 20:00:00,1.5184678515989223,28.167214297319386
2025-09-21 21:00:00,1.9299874185317487,28.09911422885081
2025-09-21 22:00:00,1.5387613245373652,28.030067512481637
2025-09-21 23:00:00,2.2383974716331188,27.96009523905404
2025-09-22 00:00:00,2.3188989281908388,27.8892187821286
2025-09-22 01:00:00,2.6685732589155835,27.817459791455615
2025-09-22 02:00:00,2.9365156686075595,27.744840186361973
2025-09-22 03:00:00,3.1234038346651465,27.67138214905575
2025-09-22 04:00:00,3.48277122537759,27.597108117850514
2025-09-22 05:00:00,3.4072341746837744,27.522040780311322
2025-09-22 06:00:00,3.6444191287136145,27.446203066324664
2025-09-22 07:00:00,3.5124764693988277,27.36961814109434
2025-09-22 08:00:00,3.326748044589749,27.2923093980655
2025-09-22 09:00:00,2.9748493416627353,27.214300451778897
2025-09-22 10:00:00,2.7674239191092194,27.135615130657676
2025-09-22 11:00:00,2.723423764539881,27.056277469728816
2025-09-22 12:00:00,2.34631947165345,26.9763117032814
2025-09-22 13:00:00,1.7307854282986856,26.895742257464107
2025-09-22 14:00:00,1.6544039347259862,26.81459374282404
2025-09-22 15:00:00,1.5409298404183034,26.73289094678929
2025-09-22 16:00:00,0.8772861459374737,26.650658826097356
2025-09-22 17:00:00,1.216884976950442,26.56792249917197
2025-09-22 18:00:00,0.9561737487913159,26.4847072384505
2025-09-22 19:00:00,1.2679591342952132,26.40103846266424
2025-09-22 20:00:00,1.1464232541138226,26.316941729074095
2025-09-22 21:00:00,1.1534038774172204,26.232442725663944
2025-09-22 22:00:00,1.4594407547823847,26.147567263294004
2025-09-22 23:00:00,2.101822863619581,26.062341267816738
2025-09-23 00:00:00,2.4670158663248922,25.97679077215759
2025-09-23 01:00:00,2.5505389565978387,25.89094190836307
2025-09-23 02:00:00,3.1472198242032383,25.80482089961847
2025-09-23 03:00:00,2.9272936316501097,25.718454052237814
2025-09-23 04:00:00,3.421979589057097,25.631867747628416
2025-09-23 05:00:00,3.291996648410735,25.54508843423245
2025-09-23 06:00:00,3.419373843104712,25.458142619448076
2025-09-23 07:00:00,3.4901232942024945,25.371056861532594
2025-09-23 08:00:00,3.1594233027564402,25.283857761489962
2025-09-23 09:00:00,3.0354760346834175,25.196571954945362
2025-09-23 10:00:00,3.0393782951636603,25.109226104009124
2025-09-23 11:00:00,2.4119198292315858,25.021846889132615
2025-09-23 12:00:00,2.368148565216444,24.934461000958446
2025-09-23 13:00:00,1.655456202707047,24.847095132167635
2025-09-23 14:00:00,1.6961071970351946,24.75977596932616
2025-09-23 15:00:00,1.6353205259563568,24.67253018473328
2025-09-23 16:00:00,0.6741174062844131,24.585384428274313
2025-09-23 17:00:00,0.9071470513365014,24.498365319280264
2025-09-23 18:00:00,1.1634929997404915,24.411499438396667
2025-09-23 19:00:00,1.073632280310577,24.324813319464393
2025-09-23 20:00:00,1.3346091358329917,24.238333441414646
2025-09-23 21:00:00,1.3556071450128415,24.152086220180824
2025-09-23 22:00:00,1.7647746704360694,24.066098000629513
2025-09-23 23:00:00,2.02379149944451,23.980395048513266
2025-09-24 00:00:00,2.6112772222296265,23.895003542447576
2025-09-24 01:00:00,2.7445841470930343,23.80994956591435
2025-09-24 02:00:00,3.0487128146630806,23.725259099294554
2025-09-24 03:00:00,3.1380948634374173,23.64095801193229
2025-09-24 04:00:00,3.29757572247027,23.557072054232847
2025-09-24 05:00:00,3.406535661038592,23.473626849796986
2025-09-24 06:00:00,3.5864186451264013,23.390647887594046
2025-09-24 07:00:00,3.353245159752174,23.308160514176183
2025-09-24 08:00:00,3.345416207847739,23.226189925936
2025-09-24 09:00:00,3.4827894874833967,23.144761161410166
2025-09-24 10:00:00,2.9672951724761627,23.063899093631207
2025-09-24 11:00:00,2.4169679219929097,22.983628422529822
2025-09-24 12:00:00,2.396361762631919,22.90397366739013
2025-09-24 13:00:00,1.7554307281579211,22.824959159360034
2025-09-24 14:00:00,1.1389885634769894,22.746609034019155
2025-09-24 15:00:00,1.1029112586264855,22.668947224006352
2025-09-24 16:00:00,0.7530409524138237,22.591997451709368
2025-09-24 17:00:00,0.9563141775486531,22.515783222018648
2025-09-24 18:00:00,1.0132204782318563,22.44032781514757
2025-09-24 19:00:00,1.412306296414586,22.365654279521323
2025-09-24 20:00:00,1.2897401441548209,22.29178542473664
2025-09-24 21:00:00,1.3975693438518988,22.218743814594376
2025-09-24 22:00:00,1.8790958920852034,22.146551760207252
2025-09-24 23:00:00,1.5789589408862499,22.075231313184744
2025-09-25 00:00:00,2.3913173014640203,22.004804258897284
2025-09-25 01:00:00,2.8142803526358082,21.935292109821713
2025-09-25 02:00:00,2.6515610293248724,21.86671609897014
2025-09-25 03:00:00,3.414774512823018,21.799097173404203
2025-09-25 04:00:00,3.427665029077109,21.732455987836556
2025-09-25 05:00:00,3.3740919622040324,21.666812898321794
2025-09-25 06:00:00,3.597415040341387,21.60218795603849
2025-09-25 07:00:00,3.854211735246291,21.538600901164482
2025-09-25 08:00:00,3.2859122130521516,21.476071156847006
2025-09-25 09:00:00,3.079088017141705,21.414617823269786
2025-09-25 10:00:00,2.6628503285486285,21.354259671818763
2025-09-25 11:00:00,2.274068115788286,21.295015139348187
2025-09-25 12:00:00,2.2845710829781525,21.236902322548957
2025-09-25 13:00:00,1.6290367906332066,21.17993897242087
2025-09-25 14:00:00,1.5252332889863702,21.124142488850417
2025-09-25 15:00:00,1.174634024143943,21.06952991529587
2025-09-25 16:00:00,1.1901347643080604,21.016117933581214
2025-09-25 17:00:00,1.0620926280098528,20.963922858800586
2025-09-25 18:00:00,1.1874164716846298,20.912960634334677
2025-09-25 19:00:00,0.9469621100823504,20.863246826980713
2025-09-25 20:00:00,1.1437739800627422,20.81479662219748
2025-09-25 21:00:00,1.2202872634809974,20.767624819466782
2025-09-25 22:00:00,1.600020807938767,20.72174582777283
2025-09-25 23:00:00,2.0730492802452947,20.677173661200932
2025-09-26 00:00:00,2.472444082746658,20.633921934656776
2025-09-26 01:00:00,2.452691611588721,20.592003859707624
2025-09-26 02:00:00,3.0981250632927213,20.55143224054678
2025-09-26 03:00:00,3.433772334527514,20.512219470082442
2025-09-26 04:00:00,3.418815925924252,20.474377526152168
2025-09-26 05:00:00,3.808131199565819,20.43791796786418
2025-09-26 06:00:00,3.2911764271543533,20.402851932066557
2025-09-26 07:00:00,3.1257423357621854,20.36919012994537
2025-09-26 08:00:00,2.8680641535195432,20.336942843752883
2025-09-26 09:00:00,3.30279956156666,20.306119923666767
2025-09-26 10:00:00,2.859878470811482,20.276730784781286
2025-09-26 11:00:00,2.407630233223964,20.24878440423138
2025-09-26 12:00:00,2.1499398658777387,20.222289318450528
2025-09-26 13:00:00,1.5516277015253324,20.197253620563245
2025-09-26 14:00:00,1.9778428906854764,20.17368495791297
2025-09-26 15:00:00,1.2753084430463324,20.151590529726107
2025-09-26 16:00:00,1.0972083796259628,20.130977084913003
2025-09-26 17:00:00,1.1232907755638475,20.111850920006408
2025-09-26 18:00:00,1.0606917914125853,20.094217877238176
2025-09-26 19:00:00,1.0800675253472092,20.078083342754695
2025-09-26 20:00:00,1.0275894433883939,20.063452244971657
2025-09-26 21:00:00,1.4996812407330493,20.050329053068637
2025-09-26 22:00:00,2.0557960982556476,20.038717775623937
2025-09-26 23:00:00,2.258068156650042,20.028621959390144
2025-09-27 00:00:00,2.631667480268206,20.020044688210753
2025-09-27 01:00:00,2.5271667096358192,20.012988582078172
2025-09-27 02:00:00,2.718608839255481,20.00745579633343
2025-09-27 03:00:00,3.1296383306600055,20.00344802100782
2025-09-27 04:00:00,3.3390940379019454,20.000966480306648
2025-09-27 05:00:00,3.6430144606799635,20.00001193223531
2025-09-27 06:00:00,3.0984210589330896,20.00058466836773
2025-09-27 07:00:00,3.67120773791331,20.002684513757334
2025-09-27 08:00:00,3.18261772248046,20.006310826990443
2025-09-27 09:00:00,2.9086176939559394,20.011462500382237
2025-09-27 10:00:00,2.517234678730989,20.018137960315077
2025-09-27 11:00:00,2.0789601395913544,20.026335167719196
2025-09-27 12:00:00,2.2505984228368963,20.036051618695538
2025-09-27 13:00:00,1.7845331824069641,20.04728434528061
2025-09-27 14:00:00,1.225234765501671,20.06002991635304
2025-09-27 15:00:00,0.9865921321763702,20.074284438681673
2025-09-27 16:00:00,1.0060837342244586,20.09004355811475
2025-09-27 17:00:00,1.311707625861664,20.107302460909956
2025-09-27 18:00:00,0.9142019724147483,20.126055875204788
2025-09-27 19:00:00,0.7380887652500541,20.146298072626887
2025-09-27 20:00:00,1.141617343977487,20.16802287004382
2025-09-27 21:00:00,1.3573744839347492,20.191223631451777
2025-09-27 22:00:00,1.1477408589837699,20.215893270002553
2025-09-27 23:00:00,1.9867605541674613,20.242024250168313
2025-09-28 00:00:00,2.27608726635761,20.26960859004336
2025-09-28 01:00:00,2.77821162886128,20.298637863782282
2025-09-28 02:00:00,3.295933353546456,20.329103204173663
2025-09-28 03:00:00,3.3895536377587434,20.360995305348666
2025-09-28 04:00:00,3.2832898730833175,20.394304425623584
2025-09-28 05:00:00,3.2115752226217245,20.429020390475475
2025-09-28 06:00:00,3.9598647845391035,20.465132595650093
2025-09-28 07:00:00,3.3850611186400714,20.502630010401006
2025-09-28 08:00:00,3.224704865881299,20.541501180859036
2025-09-28 09:00:00,2.9968505649235757,20.58173423353092
2025-09-28 10:00:00,2.767187135998519,20.62331687892617
2025-09-28 11:00:00,2.389489540149241,20.66623641531098
2025-09-28 12:00:00,1.9804721498671471,20.71047973258807
2025-09-28 13:00:00,1.670834339421997,20.75603331630127
2025-09-28 14:00:00,1.4883671011085173,20.802883251763618
2025-09-28 15:00:00,1.1501798472267728,20.851015228307666
2025-09-28 16:00:00,0.9456454435557017,20.900414543656847
2025-09-28 17:00:00,1.0159596460205698,20.95106610841635
2025-09-28 18:00:00,0.9336934527921624,21.002954450682296
2025-09-28 19:00:00,1.3598071903077107,21.05606372076776
2025-09-28 20:00:00,0.6824370280171821,21.11037769604418
2025-09-28 21:00:00,1.6534474037801625,21.16587978589666
2025-09-28 22:00:00,1.9606627593305836,21.222553036791716
2025-09-28 23:00:00,1.6080769338738277,21.280380137455868
2025-09-29 00:00:00,2.2793751638946773,21.33934342416349
2025-09-29 01:00:00,2.5905272059614384,21.39942488613231
2025-09-29 02:00:00,2.67042292542144,21.46060617102497
2025-09-29 03:00:00,3.0341761469240263,21.522868590554886
2025-09-29 04:00:00,3.140005383123878,21.5861931261947
2025-09-29 05:00:00,3.8078512002644653,21.650560434985646
2025-09-29 06:00:00,3.656295642765803,21.715950855446014
2025-09-29 07:00:00,3.651010083521491,21.7823444135769
2025-09-29 08:00:00,3.389386099899265,21.849720828963374
2025-09-29 09:00:00,2.7988481405511005,21.918059520969344
2025-09-29 10:00:00,2.6457469378512948,21.987339615024034
2025-09-29 11:00:00,2.5396938949565993,22.057539948998294
2025-09-29 12:00:00,1.8749029472485852,22.128639079668698
2025-09-29 13:00:00,1.9478774013604736,22.20061528926759
2025-09-29 14:00:00,1.4731241185893529,22.273446592116915
2025-09-29 15:00:00,1.2115775205280372,22.347110741343894
2025-09-29 16:00:00,1.259633190451166,22.421585235676535
2025-09-29 17:00:00,1.1143750694102577,22.4968473263168
2025-09-29 18:00:00,0.9449618023634863,22.57287402388938
2025-09-29 19:00:00,1.324875467625452,22.649642105464004
2025-09-29 20:00:00,1.0317987651670406,22.727128121649045
2025-09-29 21:00:00,1.594875129847784,22.80530840375432
2025-09-29 22:00:00,1.867502969927644,22.884159071020843
2025-09-29 23:00:00,1.9988802129512027,22.963656037915428
2025-09-30 00:00:00,2.4514624828588376,23.043775021487775
2025-09-30 01:00:00,2.4529047449977353,23.12449154878786
2025-09-30 02:00:00,3.174760681133625,23.205780964341425
2025-09-30 03:00:00,3.1902826836987264,23.287618437681157
2025-09-30 04:00:00,3.2944301093896504,23.369978970931328
2025-09-30 05:00:00,3.703292224035445,23.452837406443617
2025-09-30 06:00:00,3.3636093273685215,23.53616843448168
2025-09-30 07:00:00,3.149612851693007,23.619946600952225
2025-09-30 08:00:00,2.9677552686641118,23.704146315180104
2025-09-30 09:00:00,3.179510991344676,23.78874185772525
2025-09-30 10:00:00,2.528082450172936,23.873707388238838
2025-09-30 11:00:00,2.826438148204151,23.95901695335639
2025-09-30 12:00:00,1.7370329182452235,24.044644494625476
2025-09-30 13:00:00,2.1793665891622873,24.13056385646545
2025-09-30 14:00:00,1.5991455850083618,24.216748794156853
2025-09-30 15:00:00,1.3041081174932687,24.303172981858054
2025-09-30 16:00:00,1.0466618260041125,24.38981002064673
2025-09-30 17:00:00,1.1449167153088151,24.47663344658357
2025-09-30 18:00:00,1.0505476812953312,24.563616738795876
2025-09-30 19:00:00,1.3558543147691726,24.650733327578614
2025-09-30 20:00:00,1.314146226046777,24.737956602510295
2025-09-30 21:00:00,1.5459201974457721,24.825259920581328
2025-09-30 22:00:00,1.7209445213618817,24.912616614332347
2025-09-30 23:00:00,2.0944965914288853,24.999999999999996
